{
  "Stats": {
    "2": {
      "Class": 2,
      "Count": 100,
      "Errors": 0,
      "P50": 6098498458,
      "P90": 18414095000,
      "P95": 19483704750,
      "P99": 20110879791,
      "Max": 20167661500,
      "Mean": 8439156245,
      "Throughput": 3.3333333333333335
    }
  },
  "ByQuery": {
    "micro-triangle": {
      "Class": 2,
      "Count": 50,
      "Errors": 0,
      "P50": 2623027791,
      "P90": 11404466625,
      "P95": 19541340208,
      "P99": 20167661500,
      "Max": 20167661500,
      "Mean": 4151010598,
      "Throughput": 1.6666666666666667
    },
    "micro-triangle-undirected": {
      "Class": 2,
      "Count": 50,
      "Errors": 0,
      "P50": 13124258625,
      "P90": 18667203416,
      "P95": 19483704750,
      "P99": 20053611833,
      "Max": 20053611833,
      "Mean": 12727301892,
      "Throughput": 1.6666666666666667
    }
  },
  "Cold": null,
  "Load": {
    "Duration": 98791500,
    "BytesOnDisk": -1,
    "Nodes": 0,
    "Edges": 0
  },
  "Sweep": null,
  "Condition": {
    "Engine": "ladybug",
    "EngineVersion": "0.17.1",
    "Plane": "inproc",
    "Config": null,
    "Tuned": false,
    "HarnessVersion": "",
    "HarnessCommit": "",
    "Dataset": "er-n10000-p0.001",
    "Scale": "SF1",
    "DatasetChecksum": "sha256:ba0384b04ab433a32359403db5fc9f1d8879ec607ffd18ad239f7e732931cfe6",
    "Workload": "micro-er",
    "Params": null,
    "Cache": "warm",
    "OfferedRate": 0,
    "Concurrency": null,
    "Hardware": "",
    "OS": "darwin/arm64",
    "GoVersion": "go1.26.4",
    "Repetitions": 50,
    "Seed": 0,
    "Warmup": "",
    "Timestamp": "2026-06-24T11:41:38.892052Z"
  }
}
