{
  "Stats": {
    "1": {
      "Class": 1,
      "Count": 250,
      "Errors": 0,
      "P50": 205499458,
      "P90": 384406458,
      "P95": 409200208,
      "P99": 424437250,
      "Max": 427048000,
      "Mean": 216737733,
      "Throughput": 8.333333333333334
    }
  },
  "ByQuery": {
    "micro-khop1": {
      "Class": 1,
      "Count": 50,
      "Errors": 0,
      "P50": 336683791,
      "P90": 401976333,
      "P95": 418237125,
      "P99": 427048000,
      "Max": 427048000,
      "Mean": 255633743,
      "Throughput": 1.6666666666666667
    },
    "micro-khop2": {
      "Class": 1,
      "Count": 50,
      "Errors": 0,
      "P50": 226639458,
      "P90": 303281000,
      "P95": 349213083,
      "P99": 423902333,
      "Max": 423902333,
      "Mean": 238252288,
      "Throughput": 1.6666666666666667
    },
    "micro-khop3": {
      "Class": 1,
      "Count": 50,
      "Errors": 0,
      "P50": 84363166,
      "P90": 411562458,
      "P95": 420667041,
      "P99": 426584583,
      "Max": 426584583,
      "Mean": 221174527,
      "Throughput": 1.6666666666666667
    },
    "micro-sp": {
      "Class": 1,
      "Count": 50,
      "Errors": 0,
      "P50": 281297916,
      "P90": 333026583,
      "P95": 373813333,
      "P99": 377024708,
      "Max": 377024708,
      "Mean": 251793926,
      "Throughput": 1.6666666666666667
    },
    "micro-varlen": {
      "Class": 1,
      "Count": 50,
      "Errors": 0,
      "P50": 117922750,
      "P90": 139556791,
      "P95": 142056750,
      "P99": 144059208,
      "Max": 144059208,
      "Mean": 116834181,
      "Throughput": 1.6666666666666667
    }
  },
  "Cold": null,
  "Load": {
    "Duration": 80818209,
    "BytesOnDisk": -1,
    "Nodes": 0,
    "Edges": 0
  },
  "Sweep": null,
  "Condition": {
    "Engine": "ladybug",
    "EngineVersion": "0.17.1",
    "Plane": "inproc",
    "Config": null,
    "Tuned": false,
    "HarnessVersion": "",
    "HarnessCommit": "",
    "Dataset": "grid-100x100",
    "Scale": "SF1",
    "DatasetChecksum": "sha256:fd000c2a1c8fe54f57761318492dd1c481374ae74f58a88cebffb272b5b79337",
    "Workload": "micro-grid",
    "Params": null,
    "Cache": "warm",
    "OfferedRate": 0,
    "Concurrency": null,
    "Hardware": "",
    "OS": "darwin/arm64",
    "GoVersion": "go1.26.4",
    "Repetitions": 50,
    "Seed": 0,
    "Warmup": "",
    "Timestamp": "2026-06-24T11:40:53.770363Z"
  }
}
