{
  "Stats": {
    "1": {
      "Class": 1,
      "Count": 250,
      "Errors": 0,
      "P50": 180495917,
      "P90": 403245042,
      "P95": 423801458,
      "P99": 434658208,
      "Max": 436358917,
      "Mean": 199737760,
      "Throughput": 8.333333333333334
    }
  },
  "ByQuery": {
    "micro-khop1": {
      "Class": 1,
      "Count": 50,
      "Errors": 0,
      "P50": 24794625,
      "P90": 425470708,
      "P95": 428096167,
      "P99": 435302083,
      "Max": 435302083,
      "Mean": 183796052,
      "Throughput": 1.6666666666666667
    },
    "micro-khop2": {
      "Class": 1,
      "Count": 50,
      "Errors": 0,
      "P50": 53922667,
      "P90": 163559500,
      "P95": 168105167,
      "P99": 170641375,
      "Max": 170641375,
      "Mean": 65624997,
      "Throughput": 1.6666666666666667
    },
    "micro-khop3": {
      "Class": 1,
      "Count": 50,
      "Errors": 0,
      "P50": 138445375,
      "P90": 218403792,
      "P95": 229902708,
      "P99": 237022750,
      "Max": 237022750,
      "Mean": 154216301,
      "Throughput": 1.6666666666666667
    },
    "micro-sp": {
      "Class": 1,
      "Count": 50,
      "Errors": 0,
      "P50": 361623875,
      "P90": 411039125,
      "P95": 423801458,
      "P99": 433510708,
      "Max": 433510708,
      "Mean": 359063185,
      "Throughput": 1.6666666666666667
    },
    "micro-varlen": {
      "Class": 1,
      "Count": 50,
      "Errors": 0,
      "P50": 249451167,
      "P90": 311580917,
      "P95": 429766625,
      "P99": 436358917,
      "Max": 436358917,
      "Mean": 235988265,
      "Throughput": 1.6666666666666667
    }
  },
  "Cold": null,
  "Load": {
    "Duration": 72741333,
    "BytesOnDisk": -1,
    "Nodes": 0,
    "Edges": 0
  },
  "Sweep": null,
  "Condition": {
    "Engine": "ladybug",
    "EngineVersion": "0.17.1",
    "Plane": "inproc",
    "Config": null,
    "Tuned": false,
    "HarnessVersion": "",
    "HarnessCommit": "",
    "Dataset": "grid-100x100",
    "Scale": "SF1",
    "DatasetChecksum": "sha256:fd000c2a1c8fe54f57761318492dd1c481374ae74f58a88cebffb272b5b79337",
    "Workload": "micro-grid",
    "Params": null,
    "Cache": "warm",
    "OfferedRate": 0,
    "Concurrency": null,
    "Hardware": "",
    "OS": "darwin/arm64",
    "GoVersion": "go1.26.4",
    "Repetitions": 50,
    "Seed": 0,
    "Warmup": "",
    "Timestamp": "2026-06-24T11:40:59.37831Z"
  }
}
