{
  "Stats": {
    "1": {
      "Class": 1,
      "Count": 250,
      "Errors": 0,
      "P50": 203380667,
      "P90": 304433792,
      "P95": 327348709,
      "P99": 337650834,
      "Max": 339165709,
      "Mean": 189920335,
      "Throughput": 8.333333333333334
    }
  },
  "ByQuery": {
    "micro-khop1": {
      "Class": 1,
      "Count": 50,
      "Errors": 0,
      "P50": 47219500,
      "P90": 94633459,
      "P95": 233804042,
      "P99": 339165709,
      "Max": 339165709,
      "Mean": 67228323,
      "Throughput": 1.6666666666666667
    },
    "micro-khop2": {
      "Class": 1,
      "Count": 50,
      "Errors": 0,
      "P50": 119499084,
      "P90": 157099292,
      "P95": 191710042,
      "P99": 338091709,
      "Max": 338091709,
      "Mean": 124278970,
      "Throughput": 1.6666666666666667
    },
    "micro-khop3": {
      "Class": 1,
      "Count": 50,
      "Errors": 0,
      "P50": 198781750,
      "P90": 259817250,
      "P95": 266851084,
      "P99": 336408709,
      "Max": 336408709,
      "Mean": 206982764,
      "Throughput": 1.6666666666666667
    },
    "micro-sp": {
      "Class": 1,
      "Count": 50,
      "Errors": 0,
      "P50": 270434292,
      "P90": 326790000,
      "P95": 334462959,
      "P99": 337650834,
      "Max": 337650834,
      "Mean": 276492960,
      "Throughput": 1.6666666666666667
    },
    "micro-varlen": {
      "Class": 1,
      "Count": 50,
      "Errors": 0,
      "P50": 284926250,
      "P90": 324837334,
      "P95": 331500459,
      "P99": 335340667,
      "Max": 335340667,
      "Mean": 274618660,
      "Throughput": 1.6666666666666667
    }
  },
  "Cold": null,
  "Load": {
    "Duration": 541180041,
    "BytesOnDisk": -1,
    "Nodes": 10000,
    "Edges": 19800
  },
  "Sweep": null,
  "Condition": {
    "Engine": "neo4j",
    "EngineVersion": "Neo4j/2026.05.0",
    "Plane": "bolt",
    "Config": null,
    "Tuned": false,
    "HarnessVersion": "",
    "HarnessCommit": "",
    "Dataset": "grid-100x100",
    "Scale": "SF1",
    "DatasetChecksum": "sha256:fd000c2a1c8fe54f57761318492dd1c481374ae74f58a88cebffb272b5b79337",
    "Workload": "micro-grid",
    "Params": null,
    "Cache": "warm",
    "OfferedRate": 0,
    "Concurrency": null,
    "Hardware": "",
    "OS": "darwin/arm64",
    "GoVersion": "go1.26.4",
    "Repetitions": 50,
    "Seed": 0,
    "Warmup": "",
    "Timestamp": "2026-06-24T12:08:58.584503Z"
  }
}
